species,year,ssp,range_mean_suitability,range_size,range_centroid_x,range_centroid_y,eval_runtime,eval_training_auc,eval_testing_auc,output_threshold,Bioclim1,Bioclim10,Bioclim12,Bioclim4,Bioclim7,PFT14,PFT2,PFT10,PFT6,Population,slope,PFT1,PFT7,Bioclim11,PFT13,Rainfed,PFT12,Irrigated,PFT31,PFT11
Argia fumipennis,2020,,0.0883,4545270,-86.3322,37.9753,1424.9932,0.858,0.9492,0.3991,6.0321,22.3705,8.8553,40.5035,11.6589,0.3677,10.212,,,,,,,,,,,,,
Argia fumipennis,2050,ssp1,0.085,4145555,-85.3865,38.8458,773.6632,,,,,,,,,,,,,,,,,,,,,,,
Argia fumipennis,2050,ssp2,0.0885,4039160,-85.799,39.122,773.5852,,,,,,,,,,,,,,,,,,,,,,,
Argia fumipennis,2050,ssp5,0.08,3227687,-85.9047,41.1435,778.1869,,,,,,,,,,,,,,,,,,,,,,,
Argia fumipennis,2075,ssp1,0.0838,3762274,-84.7051,39.8653,770.8865,,,,,,,,,,,,,,,,,,,,,,,
Argia fumipennis,2075,ssp2,0.0782,2953655,-84.2005,41.829,776.0932,,,,,,,,,,,,,,,,,,,,,,,
Argia fumipennis,2075,ssp5,0.0639,2378520,-87.7997,42.6984,770.8644,,,,,,,,,,,,,,,,,,,,,,,
Argia fumipennis,2100,ssp1,0.094,4708113,-86.8774,39.0628,787.0483,,,,,,,,,,,,,,,,,,,,,,,
Argia fumipennis,2100,ssp2,0.0837,3141469,-84.72,42.5244,776.5508,,,,,,,,,,,,,,,,,,,,,,,
Argia fumipennis,2100,ssp5,0.0477,1391970,-90.2131,44.5034,772.034,,,,,,,,,,,,,,,,,,,,,,,
Argia apicalis,2020,,0.073,4437501,-89.6437,37.1682,1879.948,0.867,0.9656,0.3466,14.1247,29.8703,,28.7815,9.5894,,3.0286,3.3947,2.2062,6.2021,2.8025,,,,,,,,,
Argia apicalis,2050,ssp1,0.0796,4618156,-89.6963,37.4337,1167.3119,,,,,,,,,,,,,,,,,,,,,,,
Argia apicalis,2050,ssp2,0.0861,4938995,-89.5397,37.9327,1155.3132,,,,,,,,,,,,,,,,,,,,,,,
Argia apicalis,2050,ssp5,0.0921,5203103,-89.1623,38.5289,1152.1835,,,,,,,,,,,,,,,,,,,,,,,
Argia apicalis,2075,ssp1,0.0782,4464433,-89.0565,37.5485,1149.9661,,,,,,,,,,,,,,,,,,,,,,,
Argia apicalis,2075,ssp2,0.0955,5409659,-88.894,38.6301,1154.058,,,,,,,,,,,,,,,,,,,,,,,
Argia apicalis,2075,ssp5,0.0978,5117407,-88.4263,40.8527,1153.3456,,,,,,,,,,,,,,,,,,,,,,,
Argia apicalis,2100,ssp1,0.0851,4841641,-89.6884,37.5751,1148.0881,,,,,,,,,,,,,,,,,,,,,,,
Argia apicalis,2100,ssp2,0.1021,5528267,-88.647,39.1322,1153.5742,,,,,,,,,,,,,,,,,,,,,,,
Argia apicalis,2100,ssp5,0.0867,3120861,-87.5548,43.0542,1185.7236,,,,,,,,,,,,,,,,,,,,,,,
Argia moesta,2020,,0.0963,6733684,-90.7464,37.666,1804.4461,0.861,0.9494,0.2863,6.1074,26.6899,,37.5364,6.1725,3.678,5.5541,,,8.3147,,0.6915,5.2555,,,,,,,
Argia moesta,2050,ssp1,0.1024,7018716,-91.1903,37.8549,1200.0463,,,,,,,,,,,,,,,,,,,,,,,
Argia moesta,2050,ssp2,0.1077,7145598,-90.9138,37.9865,1194.681,,,,,,,,,,,,,,,,,,,,,,,
Argia moesta,2050,ssp5,0.1165,7546193,-91.4825,37.993,1197.2494,,,,,,,,,,,,,,,,,,,,,,,
Argia moesta,2075,ssp1,0.0997,6872159,-91.4004,37.7402,1198.5188,,,,,,,,,,,,,,,,,,,,,,,
Argia moesta,2075,ssp2,0.1159,7377669,-91.1579,37.9202,1189.9586,,,,,,,,,,,,,,,,,,,,,,,
Argia moesta,2075,ssp5,0.129,7990894,-92.3965,38.1795,1328.3781,,,,,,,,,,,,,,,,,,,,,,,
Argia moesta,2100,ssp1,0.1017,6909178,-91.6088,37.87,1162.7888,,,,,,,,,,,,,,,,,,,,,,,
Argia moesta,2100,ssp2,0.1194,7460153,-91.5295,37.8962,1548.962,,,,,,,,,,,,,,,,,,,,,,,
Argia moesta,2100,ssp5,0.1337,7904333,-92.777,37.7494,1164.2179,,,,,,,,,,,,,,,,,,,,,,,
Argia sedula,2020,,0.0559,5075065,-94.7374,34.2731,1318.6604,0.9065,0.9617,0.2239,,41.5002,6.0704,29.2693,14.2377,,,,,8.4078,,,0.5147,,,,,,,
Argia sedula,2050,ssp1,0.0577,5147451,-95.1597,34.2979,661.8514,,,,,,,,,,,,,,,,,,,,,,,
Argia sedula,2050,ssp2,0.0649,5780835,-95.4319,34.8403,652.8957,,,,,,,,,,,,,,,,,,,,,,,
Argia sedula,2050,ssp5,0.0725,6266503,-95.3542,35.2378,647.633,,,,,,,,,,,,,,,,,,,,,,,
Argia sedula,2075,ssp1,0.0612,5501725,-95.4494,34.605,646.6033,,,,,,,,,,,,,,,,,,,,,,,
Argia sedula,2075,ssp2,0.069,6017626,-95.1547,35.2683,646.3571,,,,,,,,,,,,,,,,,,,,,,,
Argia sedula,2075,ssp5,0.0845,7206815,-96.6807,36.0221,650.0419,,,,,,,,,,,,,,,,,,,,,,,
Argia sedula,2100,ssp1,0.0664,5917326,-95.8393,34.8675,647.9246,,,,,,,,,,,,,,,,,,,,,,,
Argia sedula,2100,ssp2,0.0742,6482264,-95.9941,35.5471,649.5646,,,,,,,,,,,,,,,,,,,,,,,
Argia sedula,2100,ssp5,0.0969,7742794,-97.9139,36.337,655.2116,,,,,,,,,,,,,,,,,,,,,,,
Argia tibialis,2020,,0.047,3835921,-87.5803,36.7446,1158.9289,0.9155,0.9755,0.2759,,36.6359,25.9414,23.7907,9.5242,,,,,,3.6702,,0.4375,,,,,,,
Argia tibialis,2050,ssp1,0.0469,3854333,-87.4363,36.9897,668.0896,,,,,,,,,,,,,,,,,,,,,,,
Argia tibialis,2050,ssp2,0.048,4045355,-87.0591,37.1494,667.8526,,,,,,,,,,,,,,,,,,,,,,,
Argia tibialis,2050,ssp5,0.0491,4051181,-86.0633,38.2538,668.8912,,,,,,,,,,,,,,,,,,,,,,,
Argia tibialis,2075,ssp1,0.044,3724337,-86.5448,37.281,675.0014,,,,,,,,,,,,,,,,,,,,,,,
Argia tibialis,2075,ssp2,0.0471,3693200,-84.8812,38.8916,669.0592,,,,,,,,,,,,,,,,,,,,,,,
Argia tibialis,2075,ssp5,0.0489,2839603,-82.055,42.2947,673.5232,,,,,,,,,,,,,,,,,,,,,,,
Argia tibialis,2100,ssp1,0.0506,4195080,-87.4792,37.1943,670.9692,,,,,,,,,,,,,,,,,,,,,,,
Argia tibialis,2100,ssp2,0.0481,3336965,-83.59,40.3427,671.4005,,,,,,,,,,,,,,,,,,,,,,,
Argia tibialis,2100,ssp5,0.0505,3161249,-79.9807,46.7622,674.7554,,,,,,,,,,,,,,,,,,,,,,,
Aeshna umbrosa,2020,,0.0686,3658762,-89.7264,43.291,1456.79,0.9337,0.9483,0.324,34.7685,11.507,11.4857,,2.6169,0.2632,2.6798,,,4.9187,,,3.7782,27.982,,,,,,
Aeshna umbrosa,2050,ssp1,0.0724,3761521,-90.9457,43.714,925.4121,,,,,,,,,,,,,,,,,,,,,,,
Aeshna umbrosa,2050,ssp2,0.0713,3521488,-91.252,44.3851,926.1675,,,,,,,,,,,,,,,,,,,,,,,
Aeshna umbrosa,2050,ssp5,0.0715,3440129,-92.5756,45.2187,921.9242,,,,,,,,,,,,,,,,,,,,,,,
Aeshna umbrosa,2075,ssp1,0.0747,3719864,-91.8045,44.2325,919.3682,,,,,,,,,,,,,,,,,,,,,,,
Aeshna umbrosa,2075,ssp2,0.0705,3330242,-94.0634,45.6833,918.5873,,,,,,,,,,,,,,,,,,,,,,,
Aeshna umbrosa,2075,ssp5,0.0791,3864513,-102.8789,48.8299,915.6316,,,,,,,,,,,,,,,,,,,,,,,
Aeshna umbrosa,2100,ssp1,0.0789,3906009,-93.5144,44.4107,924.1683,,,,,,,,,,,,,,,,,,,,,,,
Aeshna umbrosa,2100,ssp2,0.0756,3377526,-99.6542,47.1182,917.0435,,,,,,,,,,,,,,,,,,,,,,,
Aeshna umbrosa,2100,ssp5,0.0909,4524930,-111.525,53.3478,920.3805,,,,,,,,,,,,,,,,,,,,,,,
Aeshna palmata,2020,,0.0493,3972087,-116.2794,45.0322,861.5355,0.9619,0.9764,0.2214,33.7536,,,34.6197,9.4686,,,,,4.4555,,,,17.7026,,,,,,
Aeshna palmata,2050,ssp1,0.0492,4149986,-118.4926,46.3738,383.6735,,,,,,,,,,,,,,,,,,,,,,,
Aeshna palmata,2050,ssp2,0.0428,3571900,-119.8797,47.2003,380.1803,,,,,,,,,,,,,,,,,,,,,,,
Aeshna palmata,2050,ssp5,0.0366,2949920,-120.7721,47.8038,606.8264,,,,,,,,,,,,,,,,,,,,,,,
Aeshna palmata,2075,ssp1,0.0484,4035563,-118.369,46.9691,380.5989,,,,,,,,,,,,,,,,,,,,,,,
Aeshna palmata,2075,ssp2,0.0388,3197186,-121.4582,47.9447,386.5164,,,,,,,,,,,,,,,,,,,,,,,
Aeshna palmata,2075,ssp5,0.0294,2057980,-132.8657,52.636,381.6151,,,,,,,,,,,,,,,,,,,,,,,
Aeshna palmata,2100,ssp1,0.0433,3581724,-120.6314,47.7384,386.2344,,,,,,,,,,,,,,,,,,,,,,,
Aeshna palmata,2100,ssp2,0.0354,2780789,-126.2958,50.0381,833.7145,,,,,,,,,,,,,,,,,,,,,,,
Aeshna palmata,2100,ssp5,0.0292,1799767,-139.8252,60.4332,384.9529,,,,,,,,,,,,,,,,,,,,,,,
Aeshna canadensis,2020,,0.0493,3758093,-91.7926,45.8704,1227.7079,0.9601,0.9749,0.1941,73.2349,,,1.2791,,5.559,,,,,3.5552,,,7.2808,6.5757,2.5154,,,,
Aeshna canadensis,2050,ssp1,0.0624,4950009,-96.238,47.4277,811.6478,,,,,,,,,,,,,,,,,,,,,,,
Aeshna canadensis,2050,ssp2,0.0641,5142963,-95.5301,48.6419,666.6533,,,,,,,,,,,,,,,,,,,,,,,
Aeshna canadensis,2050,ssp5,0.0822,6572214,-96.8038,50.1748,669.1538,,,,,,,,,,,,,,,,,,,,,,,
Aeshna canadensis,2075,ssp1,0.0742,6034310,-98.1557,48.7655,666.94,,,,,,,,,,,,,,,,,,,,,,,
Aeshna canadensis,2075,ssp2,0.0854,6638601,-97.9401,50.6418,663.4917,,,,,,,,,,,,,,,,,,,,,,,
Aeshna canadensis,2075,ssp5,0.1333,9509835,-102.4335,53.5613,672.6886,,,,,,,,,,,,,,,,,,,,,,,
Aeshna canadensis,2100,ssp1,0.0822,6573226,-99.4295,49.2865,670.3688,,,,,,,,,,,,,,,,,,,,,,,
Aeshna canadensis,2100,ssp2,0.0832,6520140,-102.1781,52.0018,672.2792,,,,,,,,,,,,,,,,,,,,,,,
Aeshna canadensis,2100,ssp5,0.1852,12871435,-105.8561,57.0896,669.7979,,,,,,,,,,,,,,,,,,,,,,,
Aeshna interrupta,2020,,0.065,5707963,-101.2192,46.1349,1650.4395,0.9526,0.9472,0.1964,32.0991,,,12.3732,10.6869,,2.564,,,8.8358,1.9993,,,26.7897,,1.2545,3.3974,,,
Aeshna interrupta,2050,ssp1,0.0678,5725816,-101.9041,46.8142,934.4949,,,,,,,,,,,,,,,,,,,,,,,
Aeshna interrupta,2050,ssp2,0.064,5206729,-101.2232,47.4056,933.8526,,,,,,,,,,,,,,,,,,,,,,,
Aeshna interrupta,2050,ssp5,0.0611,4868450,-100.4949,48.3848,921.8241,,,,,,,,,,,,,,,,,,,,,,,
Aeshna interrupta,2075,ssp1,0.0649,5266812,-102.5629,47.4922,919.1855,,,,,,,,,,,,,,,,,,,,,,,
Aeshna interrupta,2075,ssp2,0.0597,4531156,-101.9933,48.7992,922.0771,,,,,,,,,,,,,,,,,,,,,,,
Aeshna interrupta,2075,ssp5,0.0598,4760577,-100.3849,51.5484,917.5959,,,,,,,,,,,,,,,,,,,,,,,
Aeshna interrupta,2100,ssp1,0.0628,4952720,-103.1455,47.7415,919.3106,,,,,,,,,,,,,,,,,,,,,,,
Aeshna interrupta,2100,ssp2,0.0528,3706241,-105.9027,50.2919,917.2841,,,,,,,,,,,,,,,,,,,,,,,
Aeshna interrupta,2100,ssp5,0.0599,3904009,-105.2379,56.7047,928.6722,,,,,,,,,,,,,,,,,,,,,,,
Aeshna constricta,2020,,0.0433,4185575,-89.7663,44.1577,1038.4933,0.9687,0.9689,0.1238,52.3766,31.1663,11.4229,,,,2.4138,1.4913,,,,,,1.1291,,,,,,
Aeshna constricta,2050,ssp1,0.0478,4458064,-90.3277,44.2995,400.3372,,,,,,,,,,,,,,,,,,,,,,,
Aeshna constricta,2050,ssp2,0.052,4707750,-91.1409,45.362,403.7679,,,,,,,,,,,,,,,,,,,,,,,
Aeshna constricta,2050,ssp5,0.0565,5352867,-93.1049,47.3854,413.6332,,,,,,,,,,,,,,,,,,,,,,,
Aeshna constricta,2075,ssp1,0.0524,4974704,-92.1517,45.2056,407.1465,,,,,,,,,,,,,,,,,,,,,,,
Aeshna constricta,2075,ssp2,0.0575,5568443,-92.0832,47.8475,402.4312,,,,,,,,,,,,,,,,,,,,,,,
Aeshna constricta,2075,ssp5,0.0902,9268190,-102.4769,52.4934,412.2617,,,,,,,,,,,,,,,,,,,,,,,
Aeshna constricta,2100,ssp1,0.0583,5422991,-92.8033,45.4373,407.7408,,,,,,,,,,,,,,,,,,,,,,,
Aeshna constricta,2100,ssp2,0.072,7352688,-93.4591,49.4955,406.2311,,,,,,,,,,,,,,,,,,,,,,,
Aeshna constricta,2100,ssp5,0.1484,12348096,-111.4697,56.4267,408.9226,,,,,,,,,,,,,,,,,,,,,,,
Calopteryx maculata,2020,,0.0715,5399291,-85.9509,39.2216,1209.5081,0.8476,0.9648,0.2648,,17.1967,39.6759,15.5333,,,11.2959,3.1172,,,7.4965,,5.6846,,,,,,,
Calopteryx maculata,2050,ssp1,0.0707,5349127,-85.9254,39.2908,716.3945,,,,,,,,,,,,,,,,,,,,,,,
Calopteryx maculata,2050,ssp2,0.0702,5293781,-85.8114,39.3961,707.8436,,,,,,,,,,,,,,,,,,,,,,,
Calopteryx maculata,2050,ssp5,0.0681,5175642,-85.6869,39.6115,707.976,,,,,,,,,,,,,,,,,,,,,,,
Calopteryx maculata,2075,ssp1,0.071,5331033,-85.9384,39.4945,707.7202,,,,,,,,,,,,,,,,,,,,,,,
Calopteryx maculata,2075,ssp2,0.0658,4954076,-85.0744,39.8425,707.5225,,,,,,,,,,,,,,,,,,,,,,,
Calopteryx maculata,2075,ssp5,0.0594,4312335,-84.3711,40.5578,711.6461,,,,,,,,,,,,,,,,,,,,,,,
Calopteryx maculata,2100,ssp1,0.0731,5371670,-86.0592,39.5852,711.8083,,,,,,,,,,,,,,,,,,,,,,,
Calopteryx maculata,2100,ssp2,0.0669,4919509,-83.8384,41.18,705.3173,,,,,,,,,,,,,,,,,,,,,,,
Calopteryx maculata,2100,ssp5,0.0468,2228417,-81.3963,43.9019,706.1947,,,,,,,,,,,,,,,,,,,,,,,
Calopteryx aequabilis,2020,,0.0509,3584420,-89.7818,44.108,1402.155,0.9551,0.9745,0.191,35.9362,16.7502,6.9506,,4.4062,4.1621,,,,2.5077,,0.9201,,28.3668,,,,,,
Calopteryx aequabilis,2050,ssp1,0.0538,3778299,-90.6258,44.1985,849.8448,,,,,,,,,,,,,,,,,,,,,,,
Calopteryx aequabilis,2050,ssp2,0.0548,3914381,-90.2076,45.3742,838.7913,,,,,,,,,,,,,,,,,,,,,,,
Calopteryx aequabilis,2050,ssp5,0.0564,4387276,-90.7112,46.9493,850.1063,,,,,,,,,,,,,,,,,,,,,,,
Calopteryx aequabilis,2075,ssp1,0.0582,4250754,-91.2773,45.1538,856.7006,,,,,,,,,,,,,,,,,,,,,,,
Calopteryx aequabilis,2075,ssp2,0.056,4490117,-90.3177,47.1736,855.6743,,,,,,,,,,,,,,,,,,,,,,,
Calopteryx aequabilis,2075,ssp5,0.0601,5199087,-92.3617,49.8956,852.1337,,,,,,,,,,,,,,,,,,,,,,,
Calopteryx aequabilis,2100,ssp1,0.0603,4396058,-91.9276,45.2655,852.7358,,,,,,,,,,,,,,,,,,,,,,,
Calopteryx aequabilis,2100,ssp2,0.0604,5218684,-90.9282,48.4368,859.7089,,,,,,,,,,,,,,,,,,,,,,,
Calopteryx aequabilis,2100,ssp5,0.0522,5180151,-106.0047,55.0535,1718.5008,,,,,,,,,,,,,,,,,,,,,,,
Calopteryx dimidiata,2020,,0.015,1501890,-83.6292,34.9394,1984.3808,0.9834,0.9941,0.1411,6.1113,3.7594,19.7508,,5.101,,,,,,9.3473,24.9493,12.6543,,8.4266,1.2369,,2.3555,6.3078,
Calopteryx dimidiata,2050,ssp1,0.0161,1576065,-84.0202,34.8686,1300.3514,,,,,,,,,,,,,,,,,,,,,,,
Calopteryx dimidiata,2050,ssp2,0.0141,1447310,-84.157,34.7974,1292.8582,,,,,,,,,,,,,,,,,,,,,,,
Calopteryx dimidiata,2050,ssp5,0.0154,1590504,-83.2119,35.7304,1291.4752,,,,,,,,,,,,,,,,,,,,,,,
Calopteryx dimidiata,2075,ssp1,0.015,1532640,-83.7649,35.3364,1300.8926,,,,,,,,,,,,,,,,,,,,,,,
Calopteryx dimidiata,2075,ssp2,0.0126,1322493,-83.6784,35.2058,1296.5037,,,,,,,,,,,,,,,,,,,,,,,
Calopteryx dimidiata,2075,ssp5,0.0147,1539254,-82.7788,36.3417,1293.7175,,,,,,,,,,,,,,,,,,,,,,,
Calopteryx dimidiata,2100,ssp1,0.0137,1412934,-84.8372,35.3074,1288.3723,,,,,,,,,,,,,,,,,,,,,,,
Calopteryx dimidiata,2100,ssp2,0.0111,1099565,-83.9377,35.1538,1292.6172,,,,,,,,,,,,,,,,,,,,,,,
Calopteryx dimidiata,2100,ssp5,0.0123,1290902,-83.351,35.6345,1302.7303,,,,,,,,,,,,,,,,,,,,,,,
Calopteryx angustipennis,2020,,0.0228,881696,-95.2369,36.7251,609.4678,0.9868,0.9953,0.4565,,26.2942,,27.7961,,,,,,,,,,45.9097,,,,,,
Calopteryx angustipennis,2050,ssp1,0.0216,845600,-98.7475,37.5349,132.3028,,,,,,,,,,,,,,,,,,,,,,,
Calopteryx angustipennis,2050,ssp2,0.0226,868690,-101.3766,38.3385,134.5321,,,,,,,,,,,,,,,,,,,,,,,
Calopteryx angustipennis,2050,ssp5,0.0215,802582,-100.7947,39.2025,134.2228,,,,,,,,,,,,,,,,,,,,,,,
Calopteryx angustipennis,2075,ssp1,0.0258,1022844,-96.8097,38.4273,131.7605,,,,,,,,,,,,,,,,,,,,,,,
Calopteryx angustipennis,2075,ssp2,0.0229,890857,-101.0153,39.6268,144.5747,,,,,,,,,,,,,,,,,,,,,,,
Calopteryx angustipennis,2075,ssp5,0.0193,658157,-106.6155,41.0463,137.709,,,,,,,,,,,,,,,,,,,,,,,
Calopteryx angustipennis,2100,ssp1,0.0259,965259,-97.5876,38.1368,136.9076,,,,,,,,,,,,,,,,,,,,,,,
Calopteryx angustipennis,2100,ssp2,0.0232,897413,-100.3366,40.4519,136.122,,,,,,,,,,,,,,,,,,,,,,,
Calopteryx angustipennis,2100,ssp5,0.0157,540610,-104.1252,42.6046,138.8043,,,,,,,,,,,,,,,,,,,,,,,
Calopteryx amata,2020,,0.032,1754888,-90.4398,46.7517,869.9,0.9828,0.9812,0.3358,,,18.0653,,,,,,,,,,,47.5393,33.1354,1.26,,,,
Calopteryx amata,2050,ssp1,0.0323,1793987,-90.1308,46.8001,220.2231,,,,,,,,,,,,,,,,,,,,,,,
Calopteryx amata,2050,ssp2,0.0309,1699352,-90.1911,47.6872,219.0066,,,,,,,,,,,,,,,,,,,,,,,
Calopteryx amata,2050,ssp5,0.0362,2006212,-87.0388,47.9654,220.2047,,,,,,,,,,,,,,,,,,,,,,,
Calopteryx amata,2075,ssp1,0.0318,1692970,-90.2889,48.0267,216.2617,,,,,,,,,,,,,,,,,,,,,,,
Calopteryx amata,2075,ssp2,0.0315,1680178,-89.5073,49.0225,217.7553,,,,,,,,,,,,,,,,,,,,,,,
Calopteryx amata,2075,ssp5,0.0431,2435310,-83.2954,49.3117,221.1636,,,,,,,,,,,,,,,,,,,,,,,
Calopteryx amata,2100,ssp1,0.0311,1614487,-91.5338,47.4462,221.1431,,,,,,,,,,,,,,,,,,,,,,,
Calopteryx amata,2100,ssp2,0.026,1248635,-91.8846,50.8173,220.8089,,,,,,,,,,,,,,,,,,,,,,,
Calopteryx amata,2100,ssp5,0.0481,2611624,-79.5872,50.2896,218.8784,,,,,,,,,,,,,,,,,,,,,,,
Hetaerina americana,2020,,0.0843,3677239,-92.5732,37.5064,1539.4514,0.8734,0.959,0.4032,8.5605,37.4912,11.4255,13.371,7.593,,4.1812,,,16.1912,,,1.1865,,,,,,,
Hetaerina americana,2050,ssp1,0.0884,3641754,-94.1513,37.8208,878.0453,,,,,,,,,,,,,,,,,,,,,,,
Hetaerina americana,2050,ssp2,0.0975,3982106,-93.5861,38.5056,875.8051,,,,,,,,,,,,,,,,,,,,,,,
Hetaerina americana,2050,ssp5,0.1052,4343782,-93.5944,38.6069,875.5748,,,,,,,,,,,,,,,,,,,,,,,
Hetaerina americana,2075,ssp1,0.089,3704375,-94.0495,37.9153,876.6683,,,,,,,,,,,,,,,,,,,,,,,
Hetaerina americana,2075,ssp2,0.1044,4273732,-93.6275,38.7425,872.4735,,,,,,,,,,,,,,,,,,,,,,,
Hetaerina americana,2075,ssp5,0.1209,4948842,-95.0204,38.7833,868.2815,,,,,,,,,,,,,,,,,,,,,,,
Hetaerina americana,2100,ssp1,0.0922,3767517,-94.1742,38.0269,925.4641,,,,,,,,,,,,,,,,,,,,,,,
Hetaerina americana,2100,ssp2,0.109,4309410,-94.3051,38.6555,1042.0057,,,,,,,,,,,,,,,,,,,,,,,
Hetaerina americana,2100,ssp5,0.1503,6485081,-95.2694,37.2871,1125.6883,,,,,,,,,,,,,,,,,,,,,,,
Hetaerina titia,2020,,0.0362,3359150,-88.5551,35.7495,1564.5853,0.9618,0.9812,0.1728,5.1344,22.7851,5.0256,22.5293,40.214,,,,,,2.3442,,1.0585,,,,,,0.9089,
Hetaerina titia,2050,ssp1,0.0402,3720305,-89.0457,36.5672,813.4208,,,,,,,,,,,,,,,,,,,,,,,
Hetaerina titia,2050,ssp2,0.0412,3895031,-88.9693,36.5828,824.184,,,,,,,,,,,,,,,,,,,,,,,
Hetaerina titia,2050,ssp5,0.0497,4399586,-88.6579,37.3951,823.7419,,,,,,,,,,,,,,,,,,,,,,,
Hetaerina titia,2075,ssp1,0.0333,3058451,-88.4145,35.7101,812.1496,,,,,,,,,,,,,,,,,,,,,,,
Hetaerina titia,2075,ssp2,0.0461,3997732,-87.9968,37.9077,805.8124,,,,,,,,,,,,,,,,,,,,,,,
Hetaerina titia,2075,ssp5,0.06,4954698,-88.5902,38.348,805.7736,,,,,,,,,,,,,,,,,,,,,,,
Hetaerina titia,2100,ssp1,0.0418,3922586,-89.9431,36.43,806.0923,,,,,,,,,,,,,,,,,,,,,,,
Hetaerina titia,2100,ssp2,0.046,4116990,-88.2552,38.0282,809.5736,,,,,,,,,,,,,,,,,,,,,,,
Hetaerina titia,2100,ssp5,0.0668,5126319,-87.4872,39.9708,804.9699,,,,,,,,,,,,,,,,,,,,,,,
Hetaerina vulnerata,2020,,0.0039,163693,-111.5464,35.4241,1105.8983,0.9914,0.9985,0.3542,17.8683,,21.4498,,1.8571,,28.0137,,,,,21.3755,,,,7.0664,,,2.3692,
Hetaerina vulnerata,2050,ssp1,0.0062,259540,-112.8869,35.7697,515.0572,,,,,,,,,,,,,,,,,,,,,,,
Hetaerina vulnerata,2050,ssp2,0.002,46150,-112.0397,38.2042,517.9449,,,,,,,,,,,,,,,,,,,,,,,
Hetaerina vulnerata,2050,ssp5,0.0052,222336,-112.9698,36.2565,510.0009,,,,,,,,,,,,,,,,,,,,,,,
Hetaerina vulnerata,2075,ssp1,0.0076,314711,-113.208,36.025,517.4906,,,,,,,,,,,,,,,,,,,,,,,
Hetaerina vulnerata,2075,ssp2,0.0023,45536,-111.4118,37.6202,515.874,,,,,,,,,,,,,,,,,,,,,,,
Hetaerina vulnerata,2075,ssp5,0.0071,305096,-109.1586,37.7012,514.5986,,,,,,,,,,,,,,,,,,,,,,,
Hetaerina vulnerata,2100,ssp1,0.0093,365123,-112.8674,36.3495,516.1259,,,,,,,,,,,,,,,,,,,,,,,
Hetaerina vulnerata,2100,ssp2,0.0021,41327,-111.1233,37.5139,511.6748,,,,,,,,,,,,,,,,,,,,,,,
Hetaerina vulnerata,2100,ssp5,0.01,486558,-105.8162,38.2491,511.7243,,,,,,,,,,,,,,,,,,,,,,,
Libellula luctuosa,2020,,0.0981,5881689,-90.1416,38.2843,2446.4972,0.7879,0.9503,0.3452,17.4101,11.6138,4.9874,19.3416,11.1969,3.1121,9.5743,,,10.4518,2.6882,,3.7019,1.9861,,,,,,3.9357
Libellula luctuosa,2050,ssp1,0.1014,6002853,-90.3759,38.4983,1884.7677,,,,,,,,,,,,,,,,,,,,,,,
Libellula luctuosa,2050,ssp2,0.109,6353886,-90.6826,38.8022,1874.9688,,,,,,,,,,,,,,,,,,,,,,,
Libellula luctuosa,2050,ssp5,0.1153,6712953,-90.9025,38.8993,1881.1643,,,,,,,,,,,,,,,,,,,,,,,
Libellula luctuosa,2075,ssp1,0.0993,5842099,-90.1373,38.5184,1877.8058,,,,,,,,,,,,,,,,,,,,,,,
Libellula luctuosa,2075,ssp2,0.1159,6598026,-90.4237,38.9976,1894.5587,,,,,,,,,,,,,,,,,,,,,,,
Libellula luctuosa,2075,ssp5,0.1325,7623640,-91.485,39.4794,1953.6905,,,,,,,,,,,,,,,,,,,,,,,
Libellula luctuosa,2100,ssp1,0.1027,5962210,-90.579,38.5782,1912.9369,,,,,,,,,,,,,,,,,,,,,,,
Libellula luctuosa,2100,ssp2,0.1225,6814622,-90.6126,39.2089,1998.0903,,,,,,,,,,,,,,,,,,,,,,,
Libellula luctuosa,2100,ssp5,0.1552,8197789,-91.9825,39.4716,1887.569,,,,,,,,,,,,,,,,,,,,,,,
Libellula incesta,2020,,0.0607,4063511,-85.1709,37.4971,1896.392,0.8269,0.9705,0.397,,7.0461,46.0392,17.1846,9.0075,2.4719,9.2638,,,,5.0264,,3.9494,0.0109,,,,,,
Libellula incesta,2050,ssp1,0.0612,4061679,-85.2421,37.6622,1250.2869,,,,,,,,,,,,,,,,,,,,,,,
Libellula incesta,2050,ssp2,0.0618,4130062,-85.1611,37.5716,1231.2578,,,,,,,,,,,,,,,,,,,,,,,
Libellula incesta,2050,ssp5,0.0635,4378657,-85.0139,38.0086,1231.469,,,,,,,,,,,,,,,,,,,,,,,
Libellula incesta,2075,ssp1,0.061,3937117,-84.4711,38.1311,1238.3721,,,,,,,,,,,,,,,,,,,,,,,
Libellula incesta,2075,ssp2,0.0615,4055255,-84.4111,38.0558,1235.7508,,,,,,,,,,,,,,,,,,,,,,,
Libellula incesta,2075,ssp5,0.0611,3967754,-84.3654,38.0747,1233.9972,,,,,,,,,,,,,,,,,,,,,,,
Libellula incesta,2100,ssp1,0.0636,4059499,-85.2712,38.1024,1230.5068,,,,,,,,,,,,,,,,,,,,,,,
Libellula incesta,2100,ssp2,0.0633,3862036,-83.9829,38.4677,1314.273,,,,,,,,,,,,,,,,,,,,,,,
Libellula incesta,2100,ssp5,0.0562,3092876,-83.271,38.0863,1271.0692,,,,,,,,,,,,,,,,,,,,,,,
Libellula pulchella,2020,,0.1106,3856655,-88.7714,41.2113,1579.6974,0.8268,0.9552,0.447,36.3199,,7.5684,17.7433,,0.9942,10.8214,,,20.3301,,,,,,,6.2227,,,
Libellula pulchella,2050,ssp1,0.1094,3596534,-88.3793,41.4355,871.2432,,,,,,,,,,,,,,,,,,,,,,,
Libellula pulchella,2050,ssp2,0.1154,3707736,-88.6792,41.8199,850.2851,,,,,,,,,,,,,,,,,,,,,,,
Libellula pulchella,2050,ssp5,0.1167,3616553,-88.9491,42.3899,849.1,,,,,,,,,,,,,,,,,,,,,,,
Libellula pulchella,2075,ssp1,0.1107,3490221,-88.3144,41.926,873.0092,,,,,,,,,,,,,,,,,,,,,,,
Libellula pulchella,2075,ssp2,0.119,3578636,-88.9352,42.6303,878.5002,,,,,,,,,,,,,,,,,,,,,,,
Libellula pulchella,2075,ssp5,0.1189,3124398,-89.529,43.702,878.2659,,,,,,,,,,,,,,,,,,,,,,,
Libellula pulchella,2100,ssp1,0.1128,3539593,-88.3205,41.948,858.6789,,,,,,,,,,,,,,,,,,,,,,,
Libellula pulchella,2100,ssp2,0.1253,3386108,-89.1015,43.2301,841.9547,,,,,,,,,,,,,,,,,,,,,,,
Libellula pulchella,2100,ssp5,0.117,2082604,-89.6399,44.9919,837.3513,,,,,,,,,,,,,,,,,,,,,,,
Libellula vibrans,2020,,0.0441,3374862,-86.8299,35.7139,1365.4562,0.8901,0.9758,0.2876,,20.2579,29.9059,27.6523,8.926,0.3483,,,,,2.7472,,,10.1624,,,,,,
Libellula vibrans,2050,ssp1,0.0458,3474698,-86.8027,35.9156,800.0404,,,,,,,,,,,,,,,,,,,,,,,
Libellula vibrans,2050,ssp2,0.0476,3661052,-86.8259,36.0942,819.8856,,,,,,,,,,,,,,,,,,,,,,,
Libellula vibrans,2050,ssp5,0.0494,3985576,-86.2922,36.7788,820.5623,,,,,,,,,,,,,,,,,,,,,,,
Libellula vibrans,2075,ssp1,0.0482,3744269,-86.4268,36.4334,811.9346,,,,,,,,,,,,,,,,,,,,,,,
Libellula vibrans,2075,ssp2,0.0487,3956814,-85.9491,36.904,821.4168,,,,,,,,,,,,,,,,,,,,,,,
Libellula vibrans,2075,ssp5,0.0516,4101636,-85.079,37.9041,804.5458,,,,,,,,,,,,,,,,,,,,,,,
Libellula vibrans,2100,ssp1,0.0513,3844321,-87.1531,36.2752,800.342,,,,,,,,,,,,,,,,,,,,,,,
Libellula vibrans,2100,ssp2,0.0525,4315676,-85.3578,37.6247,800.944,,,,,,,,,,,,,,,,,,,,,,,
Libellula vibrans,2100,ssp5,0.0552,3579257,-84.2401,40.5287,818.1482,,,,,,,,,,,,,,,,,,,,,,,
Libellula needhami,2020,,0.0223,1366650,-86.8726,32.0258,1560.002,0.9293,0.9938,0.3443,,15.0051,,19.301,54.5071,0.3186,2.7977,,,,3.7721,,,,,,,,4.2984,
Libellula needhami,2050,ssp1,0.0245,1589785,-86.6974,32.5005,887.7619,,,,,,,,,,,,,,,,,,,,,,,
Libellula needhami,2050,ssp2,0.0241,1516363,-87.5176,32.2226,889.7508,,,,,,,,,,,,,,,,,,,,,,,
Libellula needhami,2050,ssp5,0.0235,1377961,-87.4979,32.1174,887.4637,,,,,,,,,,,,,,,,,,,,,,,
Libellula needhami,2075,ssp1,0.0246,1481380,-86.2594,32.9,887.1593,,,,,,,,,,,,,,,,,,,,,,,
Libellula needhami,2075,ssp2,0.0225,1276962,-87.4145,32.5352,886.858,,,,,,,,,,,,,,,,,,,,,,,
Libellula needhami,2075,ssp5,0.0223,1272051,-88.4843,32.0976,892.5768,,,,,,,,,,,,,,,,,,,,,,,
Libellula needhami,2100,ssp1,0.0269,1711598,-87.3392,32.7773,883.1718,,,,,,,,,,,,,,,,,,,,,,,
Libellula needhami,2100,ssp2,0.0265,1530420,-86.3716,33.8361,884.194,,,,,,,,,,,,,,,,,,,,,,,
Libellula needhami,2100,ssp5,0.0208,1137135,-89.0259,31.5151,881.384,,,,,,,,,,,,,,,,,,,,,,,
Sympetrum vicinum,2020,,0.0749,3407206,-86.0049,41.3053,1757.3211,0.8825,0.9679,0.4014,20.6613,11.2653,14.729,11.3445,17.1984,0.1531,4.1348,,,,5.5056,,,15.008,,,,,,
Sympetrum vicinum,2050,ssp1,0.0782,3382994,-86.1035,42.2029,1054.2294,,,,,,,,,,,,,,,,,,,,,,,
Sympetrum vicinum,2050,ssp2,0.0817,3441251,-86.724,43.2755,1061.9247,,,,,,,,,,,,,,,,,,,,,,,
Sympetrum vicinum,2050,ssp5,0.0796,3284054,-86.9919,44.4104,1039.9182,,,,,,,,,,,,,,,,,,,,,,,
Sympetrum vicinum,2075,ssp1,0.0742,3058777,-84.8097,42.6589,1039.3404,,,,,,,,,,,,,,,,,,,,,,,
Sympetrum vicinum,2075,ssp2,0.0814,3277249,-86.5541,44.9063,1041.5459,,,,,,,,,,,,,,,,,,,,,,,
Sympetrum vicinum,2075,ssp5,0.0803,2762719,-88.6965,46.695,1038.0254,,,,,,,,,,,,,,,,,,,,,,,
Sympetrum vicinum,2100,ssp1,0.0844,3638218,-86.1394,42.4148,1040.4763,,,,,,,,,,,,,,,,,,,,,,,
Sympetrum vicinum,2100,ssp2,0.0942,3828705,-86.2018,46.1693,1038.9928,,,,,,,,,,,,,,,,,,,,,,,
Sympetrum vicinum,2100,ssp5,0.0752,1598960,-95.9698,50.5779,1035.6593,,,,,,,,,,,,,,,,,,,,,,,
Sympetrum corruptum,2020,,0.0976,4129925,-103.134,35.5814,1270.8904,0.8823,0.9229,0.3828,,,9.6802,21.7536,9.441,,1.8235,,,7.3206,,,,45.6294,,,4.3517,,,
Sympetrum corruptum,2050,ssp1,0.1004,4099125,-104.5753,36.5914,786.8761,,,,,,,,,,,,,,,,,,,,,,,
Sympetrum corruptum,2050,ssp2,0.1113,5067286,-103.9141,37.8767,783.3126,,,,,,,,,,,,,,,,,,,,,,,
Sympetrum corruptum,2050,ssp5,0.1193,5788368,-103.7467,38.7682,782.9454,,,,,,,,,,,,,,,,,,,,,,,
Sympetrum corruptum,2075,ssp1,0.1004,3858329,-104.4364,36.5057,782.9654,,,,,,,,,,,,,,,,,,,,,,,
Sympetrum corruptum,2075,ssp2,0.1245,6003659,-103.9277,38.9405,782.9712,,,,,,,,,,,,,,,,,,,,,,,
Sympetrum corruptum,2075,ssp5,0.1449,7781301,-104.5125,41.1184,786.7027,,,,,,,,,,,,,,,,,,,,,,,
Sympetrum corruptum,2100,ssp1,0.1028,4098468,-104.8557,37.4333,791.0388,,,,,,,,,,,,,,,,,,,,,,,
Sympetrum corruptum,2100,ssp2,0.1314,6629615,-104.2326,39.677,788.5257,,,,,,,,,,,,,,,,,,,,,,,
Sympetrum corruptum,2100,ssp5,0.1785,9159869,-103.7705,42.6142,787.4871,,,,,,,,,,,,,,,,,,,,,,,
Sympetrum semicinctum,2020,,0.0751,7322776,-97.5113,42.7886,1372.4477,0.9187,0.9571,0.1734,62.1845,7.4003,,10.8093,,,1.9012,,,13.8393,,,,,,3.8653,,,,
Sympetrum semicinctum,2050,ssp1,0.0697,6975067,-97.7071,43.3142,631.8023,,,,,,,,,,,,,,,,,,,,,,,
Sympetrum semicinctum,2050,ssp2,0.0734,7459703,-98.0686,44.0179,632.3523,,,,,,,,,,,,,,,,,,,,,,,
Sympetrum semicinctum,2050,ssp5,0.0774,8101431,-97.9779,45.1352,641.5927,,,,,,,,,,,,,,,,,,,,,,,
Sympetrum semicinctum,2075,ssp1,0.0701,7162798,-97.7974,44.0743,635.5308,,,,,,,,,,,,,,,,,,,,,,,
Sympetrum semicinctum,2075,ssp2,0.0709,7664704,-97.9764,45.6481,637.6123,,,,,,,,,,,,,,,,,,,,,,,
Sympetrum semicinctum,2075,ssp5,0.0801,8818367,-98.8025,48.3966,634.4036,,,,,,,,,,,,,,,,,,,,,,,
Sympetrum semicinctum,2100,ssp1,0.0728,7472200,-97.7663,44.1901,633.8547,,,,,,,,,,,,,,,,,,,,,,,
Sympetrum semicinctum,2100,ssp2,0.0688,7368605,-97.7918,46.8994,638.6375,,,,,,,,,,,,,,,,,,,,,,,
Sympetrum semicinctum,2100,ssp5,0.0874,8788739,-102.1489,52.7998,635.7283,,,,,,,,,,,,,,,,,,,,,,,
Sympetrum obtrusum,2020,,0.0602,3318459,-90.4321,44.8601,2480.2757,0.9433,0.9647,0.2914,59.7897,8.6726,7.3393,7.7422,,,3.0416,2.9029,,3.6366,3.4991,,,3.3761,,,,,,
Sympetrum obtrusum,2050,ssp1,0.0601,3221087,-91.7134,45.546,1155.1119,,,,,,,,,,,,,,,,,,,,,,,
Sympetrum obtrusum,2050,ssp2,0.0604,3317160,-93.9633,46.7922,1088.8116,,,,,,,,,,,,,,,,,,,,,,,
Sympetrum obtrusum,2050,ssp5,0.0609,3475482,-96.2363,48.094,1071.5177,,,,,,,,,,,,,,,,,,,,,,,
Sympetrum obtrusum,2075,ssp1,0.0623,3358510,-94.06,46.6066,1079.5653,,,,,,,,,,,,,,,,,,,,,,,
Sympetrum obtrusum,2075,ssp2,0.0611,3512912,-97.56,48.718,1084.3327,,,,,,,,,,,,,,,,,,,,,,,
Sympetrum obtrusum,2075,ssp5,0.0692,3899230,-103.7016,51.7492,1086.5998,,,,,,,,,,,,,,,,,,,,,,,
Sympetrum obtrusum,2100,ssp1,0.0663,3615619,-95.484,46.9895,1095.4579,,,,,,,,,,,,,,,,,,,,,,,
Sympetrum obtrusum,2100,ssp2,0.0677,4000885,-98.9203,50.0891,1105.0386,,,,,,,,,,,,,,,,,,,,,,,
Sympetrum obtrusum,2100,ssp5,0.0769,4291417,-107.2555,55.8261,1089.2025,,,,,,,,,,,,,,,,,,,,,,,
Sympetrum pallipes,2020,,0.0455,2972906,-113.2366,43.2854,1307.7021,0.9554,0.9748,0.275,31.8634,,,39.2842,8.7694,,1.4187,,,4.9054,,,,10.6344,,,3.1246,,,
Sympetrum pallipes,2050,ssp1,0.0477,3082783,-114.5567,44.228,621.6411,,,,,,,,,,,,,,,,,,,,,,,
Sympetrum pallipes,2050,ssp2,0.0417,2495663,-115.9453,45.2621,611.4606,,,,,,,,,,,,,,,,,,,,,,,
Sympetrum pallipes,2050,ssp5,0.0386,2272518,-117.3502,46.4589,622.63,,,,,,,,,,,,,,,,,,,,,,,
Sympetrum pallipes,2075,ssp1,0.0507,3237371,-112.7503,44.9235,612.8497,,,,,,,,,,,,,,,,,,,,,,,
Sympetrum pallipes,2075,ssp2,0.0408,2564272,-117.53,46.3649,614.9005,,,,,,,,,,,,,,,,,,,,,,,
Sympetrum pallipes,2075,ssp5,0.0306,1726961,-121.1252,49.1928,608.2556,,,,,,,,,,,,,,,,,,,,,,,
Sympetrum pallipes,2100,ssp1,0.0445,2663565,-115.4407,45.3575,607.1757,,,,,,,,,,,,,,,,,,,,,,,
Sympetrum pallipes,2100,ssp2,0.0356,2073980,-119.8506,47.7074,623.6766,,,,,,,,,,,,,,,,,,,,,,,
Sympetrum pallipes,2100,ssp5,0.0266,1218246,-124.3297,51.2074,617.0971,,,,,,,,,,,,,,,,,,,,,,,
Plathemis lydia,2020,,0.1155,5197890,-87.9651,38.6382,1803.2457,0.742,0.948,0.4585,28.7462,,15.3514,11.9048,,,16.2554,,,10.7863,4.7646,,3.2097,5.1572,,,,,,3.8245
Plathemis lydia,2050,ssp1,0.1155,5078278,-87.8775,38.6531,1116.2582,,,,,,,,,,,,,,,,,,,,,,,
Plathemis lydia,2050,ssp2,0.1206,5219770,-87.7501,38.9519,1125.6789,,,,,,,,,,,,,,,,,,,,,,,
Plathemis lydia,2050,ssp5,0.1234,5322728,-87.604,39.1621,1122.7779,,,,,,,,,,,,,,,,,,,,,,,
Plathemis lydia,2075,ssp1,0.1188,5160738,-87.5728,38.9295,1109.8084,,,,,,,,,,,,,,,,,,,,,,,
Plathemis lydia,2075,ssp2,0.1246,5229137,-87.3578,39.2687,1122.5083,,,,,,,,,,,,,,,,,,,,,,,
Plathemis lydia,2075,ssp5,0.1291,5278164,-87.191,39.6763,1122.5127,,,,,,,,,,,,,,,,,,,,,,,
Plathemis lydia,2100,ssp1,0.1203,5134414,-87.7979,38.8253,1127.7099,,,,,,,,,,,,,,,,,,,,,,,
Plathemis lydia,2100,ssp2,0.1319,5148392,-87.0788,39.6215,1136.0582,,,,,,,,,,,,,,,,,,,,,,,
Plathemis lydia,2100,ssp5,0.1343,4958726,-86.9149,40.0706,1125.9838,,,,,,,,,,,,,,,,,,,,,,,
Plathemis subornata,2020,,0.0204,3316618,-107.9742,37.4034,980.088,0.9809,0.9796,0.0643,,17.9044,23.5069,21.6368,9.4595,,,,,,,,,23.9094,3.583,,,,,
Plathemis subornata,2050,ssp1,0.0212,3107582,-108.2006,37.6284,356.8305,,,,,,,,,,,,,,,,,,,,,,,
Plathemis subornata,2050,ssp2,0.0223,3451679,-108.3516,38.5715,350.8999,,,,,,,,,,,,,,,,,,,,,,,
Plathemis subornata,2050,ssp5,0.0233,3590472,-108.8113,39.2153,348.5304,,,,,,,,,,,,,,,,,,,,,,,
Plathemis subornata,2075,ssp1,0.0214,3185840,-107.8568,38.3343,347.0257,,,,,,,,,,,,,,,,,,,,,,,
Plathemis subornata,2075,ssp2,0.026,3703909,-108.7985,39.1552,352.524,,,,,,,,,,,,,,,,,,,,,,,
Plathemis subornata,2075,ssp5,0.0237,3238361,-109.9644,40.1562,352.9488,,,,,,,,,,,,,,,,,,,,,,,
Plathemis subornata,2100,ssp1,0.0178,2836785,-108.1577,38.2683,353.5095,,,,,,,,,,,,,,,,,,,,,,,
Plathemis subornata,2100,ssp2,0.0238,3419534,-108.9782,39.5504,351.73,,,,,,,,,,,,,,,,,,,,,,,
Plathemis subornata,2100,ssp5,0.0196,2719521,-110.8076,40.8755,351.7513,,,,,,,,,,,,,,,,,,,,,,,
